timestamp,temperature,vibration,current,voltage,rpm,power
2026-10-03T08:00:00,64.0,2.4,21.0,476.0,1780.0,16.5
2026-10-03T08:01:00,64.25,2.44,21.07,476.22,1780.1,16.53
2026-10-03T08:02:00,64.49,2.48,21.14,476.44,1780.2,16.57
2026-10-03T08:03:00,64.73,2.51,21.21,476.65,1780.3,16.6
2026-10-03T08:04:00,64.96,2.54,21.27,476.86,1780.39,16.62
2026-10-03T08:05:00,65.17,2.57,21.33,477.05,1780.48,16.65
2026-10-03T08:06:00,65.36,2.59,21.38,477.24,1780.56,16.67
2026-10-03T08:07:00,65.54,2.6,21.42,477.4,1780.64,16.68
2026-10-03T08:08:00,65.68,2.6,21.45,477.55,1780.72,16.69
2026-10-03T08:09:00,65.8,2.59,21.48,477.68,1780.78,16.7
2026-10-03T08:10:00,65.9,2.58,21.49,477.79,1780.84,16.7
2026-10-03T08:11:00,65.96,2.56,21.5,477.88,1780.89,16.69
2026-10-03T08:12:00,65.99,2.54,21.49,477.94,1780.93,16.68
2026-10-03T08:13:00,66.0,2.5,21.48,477.98,1780.96,16.67
2026-10-03T08:14:00,65.97,2.47,21.45,478.0,1780.99,16.64
2026-10-03T08:15:00,65.91,2.43,21.42,477.99,1781.0,16.62
2026-10-03T08:16:00,65.82,2.39,21.38,477.96,1781.0,16.59
2026-10-03T08:17:00,65.7,2.35,21.33,477.9,1780.99,16.56
2026-10-03T08:18:00,65.56,2.31,21.27,477.82,1780.97,16.53
2026-10-03T08:19:00,65.39,2.28,21.21,477.72,1780.95,16.49
2026-10-03T08:20:00,65.2,2.25,21.14,477.59,1780.91,16.46
2026-10-03T08:21:00,64.99,2.23,21.07,477.45,1780.86,16.43
2026-10-03T08:22:00,64.76,2.21,21.0,477.28,1780.81,16.4
2026-10-03T08:23:00,64.53,2.2,20.93,477.11,1780.75,16.37
2026-10-03T08:24:00,64.28,2.2,20.86,476.91,1780.68,16.35
2026-10-03T08:25:00,64.03,2.21,20.79,476.71,1780.6,16.33
2026-10-03T08:26:00,63.78,2.22,20.73,476.5,1780.52,16.31
2026-10-03T08:27:00,63.54,2.25,20.67,476.28,1780.43,16.3
2026-10-03T08:28:00,63.3,2.27,20.62,476.06,1780.33,16.3
2026-10-03T08:29:00,63.07,2.31,20.58,475.84,1780.24,16.3
2026-10-03T08:30:00,62.86,2.34,20.54,475.62,1780.14,16.31
2026-10-03T08:31:00,62.66,2.38,20.52,475.4,1780.04,16.32
2026-10-03T08:32:00,62.49,2.42,20.5,475.2,1779.94,16.34
2026-10-03T08:33:00,62.34,2.46,20.5,475.0,1779.84,16.36
2026-10-03T08:34:00,62.21,2.5,20.51,474.81,1779.74,16.38
2026-10-03T08:35:00,62.11,2.53,20.52,474.64,1779.65,16.41
2026-10-03T08:36:00,62.04,2.56,20.55,474.49,1779.56,16.44
2026-10-03T08:37:00,62.01,2.58,20.58,474.35,1779.47,16.48
2026-10-03T08:38:00,62.0,2.59,20.62,474.24,1779.39,16.51
2026-10-03T08:39:00,62.03,2.6,20.67,474.14,1779.31,16.54
2026-10-03T08:40:00,62.08,2.6,20.73,474.07,1779.24,16.57
2026-10-03T08:41:00,62.17,2.59,20.79,474.02,1779.18,16.6
2026-10-03T08:42:00,62.28,2.57,20.86,474.0,1779.13,16.63
2026-10-03T08:43:00,62.42,2.55,20.93,474.0,1779.08,16.65
2026-10-03T08:44:00,62.59,2.52,21.0,474.03,1779.05,16.67
2026-10-03T08:45:00,62.78,2.48,21.07,474.08,1779.02,16.69
2026-10-03T08:46:00,62.98,2.44,21.14,474.16,1779.01,16.7
2026-10-03T08:47:00,63.21,2.4,21.21,474.25,1779.0,16.7
2026-10-03T08:48:00,63.44,2.37,21.27,474.37,1779.0,16.7
2026-10-03T08:49:00,63.68,2.33,21.33,474.51,1779.02,16.69
2026-10-03T08:50:00,63.93,2.29,21.38,474.67,1779.04,16.68
2026-10-03T08:51:00,64.18,2.26,21.42,474.84,1779.07,16.66
2026-10-03T08:52:00,64.43,2.23,21.46,475.03,1779.12,16.64
2026-10-03T08:53:00,64.67,2.22,21.48,475.23,1779.17,16.61
2026-10-03T08:54:00,64.9,2.2,21.5,475.44,1779.23,16.58
2026-10-03T08:55:00,65.12,2.2,21.5,475.66,1779.29,16.55
2026-10-03T08:56:00,65.31,2.2,21.49,475.88,1779.37,16.52
2026-10-03T08:57:00,65.49,2.22,21.48,476.1,1779.45,16.48
2026-10-03T08:58:00,65.65,2.24,21.45,476.32,1779.54,16.45
2026-10-03T08:59:00,65.77,2.26,21.42,476.54,1779.63,16.42
2026-10-03T09:00:00,65.88,2.29,21.38,476.75,1779.72,16.39
2026-10-03T09:01:00,65.95,2.33,21.33,476.95,1779.82,16.36
2026-10-03T09:02:00,65.99,2.37,21.27,477.14,1779.92,16.34
2026-10-03T09:03:00,66.0,2.41,21.21,477.31,1780.02,16.32
2026-10-03T09:04:00,65.98,2.45,21.14,477.47,1780.12,16.31
2026-10-03T09:05:00,65.93,2.48,21.07,477.61,1780.22,16.3
2026-10-03T09:06:00,66.03,2.61,21.22,477.71,1780.26,16.36
2026-10-03T09:07:00,66.1,2.74,21.36,477.78,1780.3,16.43
2026-10-03T09:08:00,66.14,2.86,21.51,477.83,1780.33,16.5
2026-10-03T09:09:00,66.16,2.97,21.66,477.86,1780.36,16.58
2026-10-03T09:10:00,66.16,3.07,21.82,477.86,1780.38,16.66
2026-10-03T09:11:00,66.14,3.17,21.98,477.84,1780.4,16.75
2026-10-03T09:12:00,66.1,3.25,22.15,477.79,1780.41,16.84
2026-10-03T09:13:00,66.05,3.34,22.32,477.72,1780.41,16.93
2026-10-03T09:14:00,65.98,3.41,22.51,477.62,1780.41,17.03
2026-10-03T09:15:00,65.92,3.48,22.7,477.5,1780.39,17.12
2026-10-03T09:16:00,65.85,3.54,22.9,477.36,1780.37,17.22
2026-10-03T09:17:00,65.78,3.6,23.12,477.2,1780.33,17.32
2026-10-03T09:18:00,65.72,3.65,23.34,477.02,1780.29,17.41
2026-10-03T09:19:00,65.68,3.71,23.58,476.82,1780.24,17.5
2026-10-03T09:20:00,65.64,3.76,23.82,476.61,1780.17,17.59
2026-10-03T09:21:00,65.62,3.82,24.07,476.39,1780.1,17.68
2026-10-03T09:22:00,65.62,3.88,24.33,476.15,1780.01,17.76
2026-10-03T09:23:00,65.65,3.95,24.6,475.91,1779.92,17.84
2026-10-03T09:24:00,65.7,4.02,24.88,475.66,1779.82,17.91
2026-10-03T09:25:00,65.77,4.1,25.16,475.42,1779.71,17.97
2026-10-03T09:26:00,65.88,4.19,25.44,475.17,1779.59,18.03
2026-10-03T09:27:00,66.01,4.28,25.73,474.92,1779.46,18.09
2026-10-03T09:28:00,66.18,4.38,26.02,474.68,1779.33,18.14
2026-10-03T09:29:00,66.38,4.5,26.31,474.45,1779.19,18.18
2026-10-03T09:30:00,66.61,4.61,26.6,474.23,1779.05,18.22
2026-10-03T09:31:00,66.87,4.74,26.88,474.02,1778.9,18.26
2026-10-03T09:32:00,67.16,4.87,27.16,473.83,1778.75,18.29
2026-10-03T09:33:00,67.47,5.0,27.44,473.66,1778.6,18.32
2026-10-03T09:34:00,67.82,5.13,27.71,473.51,1778.44,18.35
2026-10-03T09:35:00,68.18,5.27,27.97,473.37,1778.29,18.38
2026-10-03T09:36:00,68.56,5.4,28.22,473.26,1778.13,18.42
2026-10-03T09:37:00,68.96,5.53,28.46,473.17,1777.98,18.45
2026-10-03T09:38:00,69.38,5.66,28.7,473.11,1777.83,18.48
2026-10-03T09:39:00,69.8,5.78,28.92,473.07,1777.69,18.52
2026-10-03T09:40:00,70.23,5.89,29.13,473.06,1777.55,18.56
2026-10-03T09:41:00,70.66,6.0,29.33,473.07,1777.41,18.61
2026-10-03T09:42:00,71.09,6.1,29.53,473.1,1777.28,18.66
2026-10-03T09:43:00,71.52,6.19,29.71,473.16,1777.16,18.72
2026-10-03T09:44:00,71.93,6.27,29.89,473.24,1777.04,18.78
2026-10-03T09:45:00,72.33,6.35,30.05,473.34,1776.94,18.85
2026-10-03T09:46:00,72.72,6.42,30.21,473.46,1776.84,18.92
2026-10-03T09:47:00,73.08,6.48,30.37,473.6,1776.75,19.0
2026-10-03T09:48:00,73.43,6.54,30.52,473.75,1776.67,19.09
2026-10-03T09:49:00,73.74,6.6,30.67,473.92,1776.6,19.17
2026-10-03T09:50:00,74.03,6.65,30.82,474.1,1776.55,19.26
2026-10-03T09:51:00,74.3,6.71,30.96,474.28,1776.5,19.36
2026-10-03T09:52:00,74.53,6.76,31.11,474.47,1776.46,19.45
2026-10-03T09:53:00,74.73,6.82,31.26,474.67,1776.43,19.55
2026-10-03T09:54:00,74.9,6.89,31.42,474.86,1776.41,19.65
2026-10-03T09:55:00,75.03,6.96,31.58,475.06,1776.4,19.74
2026-10-03T09:56:00,75.14,7.03,31.75,475.24,1776.4,19.84
2026-10-03T09:57:00,75.22,7.12,31.92,475.42,1776.4,19.93
2026-10-03T09:58:00,75.27,7.21,32.11,475.59,1776.42,20.02
2026-10-03T09:59:00,75.3,7.31,32.3,475.75,1776.44,20.1
